{
    "trans_id": "0190ee3307e579dc9f91f9242336e137",
    "routes": [
        {
            "result_code": 0,
            "result_msg": "길찾기 성공",
            "summary": {
                "origin": {
                    "name": "",
                    "x": 126.61963004157194,
                    "y": 37.4713886612082
                },
                "destination": {
                    "name": "",
                    "x": 126.59895691339368,
                    "y": 37.477263261146355
                },
                "waypoints": [],
                "priority": "RECOMMEND",
                "bound": {
                    "min_x": 126.59907126829319,
                    "min_y": 37.471137666811856,
                    "max_x": 126.61947407301014,
                    "max_y": 37.47925277839912
                },
                "fare": {
                    "taxi": 5800,
                    "toll": 0
                },
                "distance": 2679,
                "duration": 418
            },
            "sections": [
                {
                    "distance": 2679,
                    "duration": 418,
                    "bound": {
                        "min_x": 126.59895691339368,
                        "min_y": 37.47137938879648,
                        "max_x": 126.61961857349343,
                        "max_y": 37.47907454281485
                    },
                    "roads": [
                        {
                            "name": "",
                            "distance": 2,
                            "duration": 1,
                            "traffic_speed": 22.0,
                            "traffic_state": 0,
                            "vertexes": [
                                126.61961857349343,
                                37.47139753746807,
                                126.61960760245441,
                                37.47137938879648
                            ]
                        },
                        {
                            "name": "인중로",
                            "distance": 630,
                            "duration": 91,
                            "traffic_speed": 7.0,
                            "traffic_state": 1,
                            "vertexes": [
                                126.61960760245441,
                                37.47137938879648,
                                126.61674048595408,
                                37.472985719992124,
                                126.61644362844402,
                                37.47314442834335,
                                126.61619181427275,
                                37.47331267375917,
                                126.615961109192,
                                37.47356225806317,
                                126.61587899968555,
                                37.473723480450985,
                                126.61583196112774,
                                37.4738220419933,
                                126.61579572674486,
                                37.47394776081239,
                                126.61577046270476,
                                37.47409162862547,
                                126.61576780417789,
                                37.47423576128521,
                                126.61580985849388,
                                37.47440744851903,
                                126.61590394139184,
                                37.474823021681566,
                                126.61597691459251,
                                37.47515725532811,
                                126.61606036074257,
                                37.475536662779334
                            ]
                        },
                        {
                            "name": "월미로",
                            "distance": 381,
                            "duration": 94,
                            "traffic_speed": 19.0,
                            "traffic_state": 2,
                            "vertexes": [
                                126.61606036074257,
                                37.475536662779334,
                                126.61564065390998,
                                37.475612837705434,
                                126.61514913678157,
                                37.47651711099215,
                                126.61474919789724,
                                37.477359384196646,
                                126.61461854187566,
                                37.47770024095689,
                                126.61457133269637,
                                37.47780781013037,
                                126.61447641490996,
                                37.47804997324791,
                                126.61427610579877,
                                37.47848912521121
                            ]
                        },
                        {
                            "name": "월미로",
                            "distance": 815,
                            "duration": 99,
                            "traffic_speed": 34.0,
                            "traffic_state": 3,
                            "vertexes": [
                                126.61427610579877,
                                37.47848912521121,
                                126.61361900826147,
                                37.478562508062495,
                                126.613494670308,
                                37.47856104888954,
                                126.61293066357923,
                                37.47849135672079,
                                126.61235702048636,
                                37.47833144639568,
                                126.60555379355435,
                                37.47635018487162
                            ]
                        },
                        {
                            "name": "월미로",
                            "distance": 322,
                            "duration": 42,
                            "traffic_speed": 36.0,
                            "traffic_state": 0,
                            "vertexes": [
                                126.60555379355435,
                                37.47635018487162,
                                126.60430473176135,
                                37.47907454281485
                            ]
                        },
                        {
                            "name": "월미로",
                            "distance": 529,
                            "duration": 91,
                            "traffic_speed": 23.0,
                            "traffic_state": 0,