{
    "trans_id": "0190fe1461b27c4fbc4a11356c5e9e76",
    "routes": [
        {
            "result_code": 0,
            "result_msg": "길찾기 성공",
            "summary": {
                "origin": {
                    "name": "",
                    "x": 126.59859814515838,
                    "y": 37.47528576827617
                },
                "destination": {
                    "name": "",
                    "x": 126.59895691339368,
                    "y": 37.477263261146355
                },
                "waypoints": [],
                "priority": "TIME",
                "bound": {
                    "min_x": 126.5986016778769,
                    "min_y": 37.47509659557546,
                    "max_x": 126.59990369185591,
                    "max_y": 37.47741864870305
                },
                "fare": {
                    "taxi": 4800,
                    "toll": 0
                },
                "distance": 423,
                "duration": 93
            },
            "sections": [
                {
                    "distance": 423,
                    "duration": 93,
                    "bound": {
                        "min_x": 126.59895691339368,
                        "min_y": 37.47510651395821,
                        "max_x": 126.59990369185591,
                        "max_y": 37.47741864870305
                    },
                    "roads": [
                        {
                            "name": "월미로234번길",
                            "distance": 77,
                            "duration": 13,
                            "traffic_speed": 22.0,
                            "traffic_state": 0,
                            "vertexes": [
                                126.5985979769329,
                                37.47529477649987,
                                126.5986207509284,
                                37.4752860364202,
                                126.59943808946068,
                                37.47510651395821
                            ]
                        },
                        {
                            "name": "월미로",
                            "distance": 261,
                            "duration": 48,
                            "traffic_speed": 25.0,
                            "traffic_state": 0,
                            "vertexes": [
                                126.59943808946068,
                                37.47510651395821,
                                126.59949275448224,
                                37.47520627440653,
                                126.59952498197514,
                                37.47529675863674,
                                126.59959771417739,
                                37.47564000913812,
                                126.59963788284963,
                                37.475910791852435,
                                126.59972057433826,
                                37.47632624205285,
                                126.59973931424224,
                                37.47653369919431,
                                126.59982150260501,
                                37.47697617398365,
                                126.59990369185591,
                                37.47741864870305
                            ]
                        },
                        {
                            "name": "월미문화로",
                            "distance": 85,
                            "duration": 32,
                            "traffic_speed": 23.0,
                            "traffic_state": 0,
                            "vertexes": [
                                126.59990369185591,
                                37.47741864870305,
                                126.59895691339368,
                                37.477263261146355
                            ]
                        }
                    ],
                    "guides": [
                        {
                            "name": "출발지",
                            "x": 126.5985979769329,
                            "y": 37.47529477649987,
                            "distance": 0,
                            "duration": 0,
                            "type": 100,
                            "guidance": "출발지",
                            "road_index": 0
                        },
                        {
                            "name": "",
                            "x": 126.59943808946068,
                            "y": 37.47510651395821,
                            "distance": 77,
                            "duration": 13,
                            "type": 1,
                            "guidance": "좌회전",
                            "road_index": 1
                        },
                        {
                            "name": "",
                            "x": 126.59990369185591,
                            "y": 37.47741864870305,
                            "distance": 261,
                            "duration": 48,
                            "type": 1,
                            "guidance": "월미도 방면으로 좌회전",
                            "road_index": 2
                        },
                        {
                            "name": "목적지",
                            "x": 126.59895691339368,
                            "y": 37.477263261146355,
                            "distance": 85,
                            "duration": 32,
                            "type": 101,
                            "guidance": "목적지",
                            "road_index": -1
                        }
                    ]
                }
            ]
        }
    ]
}