{
    "trans_id": "019100f1785c708d892d77c0cb671107",
    "routes": [
        {
            "result_code": 0,
            "result_msg": "길찾기 성공",
            "summary": {
                "origin": {
                    "name": "",
                    "x": 126.62898599960351,
                    "y": 37.47534497715471
                },
                "destination": {
                    "name": "",
                    "x": 126.59895691339368,
                    "y": 37.477263261146355
                },
                "waypoints": [],
                "priority": "TIME",
                "bound": {
                    "min_x": 126.59913515742629,
                    "min_y": 37.46771453764942,
                    "max_x": 126.63065335225014,
                    "max_y": 37.47938288490179
                },
                "fare": {
                    "taxi": 7400,
                    "toll": 0
                },
                "distance": 4364,
                "duration": 730
            },
            "sections": [
                {
                    "distance": 4364,
                    "duration": 730,
                    "bound": {
                        "min_x": 126.59895691339368,
                        "min_y": 37.46802053462634,
                        "max_x": 126.63073965352417,
                        "max_y": 37.47907454281485
                    },
                    "roads": [
                        {
                            "name": "우현로67번길",
                            "distance": 16,
                            "duration": 5,
                            "traffic_speed": 11.0,
                            "traffic_state": 0,
                            "vertexes": [
                                126.62898599960351,
                                37.47534497715471,
                                126.62899779637473,
                                37.47531808330201,
                                126.62904498337227,
                                37.475210507876476
                            ]
                        },
                        {
                            "name": "우현로87번길",
                            "distance": 162,
                            "duration": 58,
                            "traffic_speed": 10.0,
                            "traffic_state": 0,
                            "vertexes": [
                                126.62904498337227,
                                37.475210507876476,
                                126.63073965352417,
                                37.47465350461159
                            ]
                        },
                        {
                            "name": "우현로",
                            "distance": 890,
                            "duration": 184,
                            "traffic_speed": 25.0,
                            "traffic_state": 3,
                            "vertexes": [
                                126.63073965352417,
                                37.47465350461159,
                                126.63042974716207,
                                37.474289502424924,
                                126.62967727080638,
                                37.47339777244743,
                                126.62954459881612,
                                37.47323404902762,
                                126.62945631564975,
                                37.47311589165748,
                                126.62921456670674,
                                37.47273465641365,
                                126.62893973524136,
                                37.47230798549794,
                                126.62855533848611,
                                37.471690826839485,
                                126.62802780420353,
                                37.470864769006134,
                                126.62783029057931,
                                37.47053810609927,
                                126.62769762754462,
                                37.470374380707774,
                                126.62743131478867,
                                37.47010097954949,
                                126.62710898727552,
                                37.46979989615863,
                                126.62695322838778,
                                37.469662932330074,
                                126.62666382211043,
                                37.46941629184525,
                                126.62638588468339,
                                37.469160773737435,
                                126.62600853920586,
                                37.46877795541809,
                                126.62518588323411,
                                37.46802053462634
                            ]
                        },
                        {
                            "name": "인중로",
                            "distance": 1249,
                            "duration": 160,
                            "traffic_speed": 9.0,
                            "traffic_state": 1,
                            "vertexes": [
                                126.62518588323411,
                                37.46802053462634,
                                126.62464858606391,
                                37.468347660905415,
                                126.62393927689766,
                                37.46880793527164,
                                126.62307007719785,
                                37.469356444541624,
                                126.62075009271976,
                                37.470725973273154,
                                126.61960760245441,
                                37.47137938879648,
                                126.61674048595408,
                                37.472985719992124,
                                126.61644362844402,
                                37.47314442834335,
                                126.61619181427275,
                                37.47331267375917,
                                126.615961109192,
                                37.47356225806317,
                                126.61587899968555,
                                37.473723480450985,
                                126.61583196112774,
                                37.4738220419933,
                                126.61579572674486,
                                37.47394776081239,
                                126.61577046270476,
                                37.47409162862547,
                                126.61576780417789,
                                37.47423576128521,
                                126.61580985849388,
                                37.47440744851903,
                                126.61590394139184,
                                37.474823021681566,
                                126.61597691459251,
                                37.47515725532811,
                                126.61606036074257,
                                37.475536662779334
                            ]
                        },
                        {
                            "name": "월미로",
                            "distance": 381,
                            "duration": 96,
                            "traffic_speed": 21.0,
                            "traffic_state": 3,